name,event,dorsal,category,status,times.official_:::finish:::,times.real_:::finish:::,rankings_:::full-1:::,rankings.gen_:::full-1:::,rankings.cat_:::full-1:::,netrankings_:::full-1:::,netrankings.gen_:::full-1:::,netrankings.cat_:::full-1:::,surname,gender,birthdate
Синтетическая запись 01,mass,SYN-H-001,,finished,7200000.0,7100000.0,1.0,,,,1.0,,,,
Тестовый,mass,SYN-H-002,,finished,7260000.0,7160000.0,2.0,1.0,,2.0,1.0,,Участник02,male,1901-01-01
Дубль-А,mass,SYN-DUP,,finished,7320000.0,7220000.0,3.0,1.0,,3.0,1.0,,Синтетический,female,1901-01-02
Тестовый,mass,SYN-H-004,,finished,7380000.0,7280000.0,4.0,2.0,,4.0,2.0,,Участник04,male,
Миллисекунды,mass,SYN-MS,,finished,13862490.0,12467310.0,5.0,3.0,,5.0,3.0,,Проверка,male,1901-01-03
Дубль-Б,mass,SYN-DUP,,finished,7440000.0,7340000.0,6.0,2.0,,6.0,2.0,,Синтетический,female,1901-01-04
Тестовый,mass,SYN-H-DQ,,disqualified,7500000.0,7400000.0,,,,,,,Дисквалификация,male,1901-01-05
Тестовый,mass,SYN-H-NS,,notstarted,,,,,,,,,Участник08,,
Синтетическая Команда 01,teams,SYN-T-001,,finished,5400000.0,5300000.0,1.0,,,1.0,,,,,
Синтетическая Команда 02,teams,SYN-T-002,,finished,5460000.0,5360000.0,2.0,,,2.0,,,,,
Синтетическая Команда 03,teams,SYN-T-003,,notstarted,,,,,,,,,,,
Синтетический Чемпион 01,champ,SYN-C-001,,finished,4800000.0,4700000.0,1.0,1.0,,1.0,1.0,,,,
Синтетический Чемпион 02,champ,SYN-C-002,,finished,4860000.0,4760000.0,2.0,1.0,,2.0,1.0,,Тест,male,1901-01-06
Синтетический Чемпион 03,champ,SYN-C-003,,finished,4920000.0,4820000.0,3.0,1.0,,3.0,1.0,,Тест,female,1901-01-07
Синтетическая Корпорация 01,corp,SYN-K-001,,finished,6000000.0,5900000.0,1.0,,,1.0,,,,,
Синтетическая Корпорация 02,corp,SYN-K-002,,finished,6060000.0,5960000.0,2.0,,,2.0,,,,,
