name,surname,gender,birthdate,event,dorsal,category,status,times.official_:::finish:::,times.real_:::finish:::,rankings_:::full-1:::,rankings.gen_:::full-1:::,rankings.cat_:::full-1:::,netrankings_:::full-1:::,netrankings.gen_:::full-1:::,netrankings.cat_:::full-1:::
Синтетический,Участник01,female,,10 km,SYN-10-001,18+ Female,finished,3600000.0,3500000.0,1.0,1.0,1.0,1.0,1.0,1.0
Синтетический,Участник02,male,1901-01-01,10 km,SYN-10-002,18+ Male,finished,3660000.0,3560000.0,2.0,1.0,1.0,2.0,1.0,1.0
Синтетический,Участник03,female,1901-01-02,10 km,SYN-10-003,18+ Female,finished,3720000.0,3620000.0,3.0,2.0,2.0,3.0,2.0,2.0
Синтетический,Участник04,male,,10 km,SYN-10-004,18+ Male,finished,3780000.0,3680000.0,4.0,2.0,2.0,4.0,2.0,2.0
Синтетический,Участник05,female,1901-01-03,10 km,SYN-10-005,18+ Female,finished,3840000.0,3740000.0,5.0,3.0,3.0,5.0,3.0,3.0
Синтетический,Участник06,male,,10 km,SYN-10-006,18+ Male,finished,3900000.0,3800000.0,6.0,3.0,3.0,6.0,3.0,3.0
Синтетический,Участник07,female,,10 km,SYN-10-007,18+ Female,finished,3960000.0,3860000.0,7.0,4.0,4.0,7.0,4.0,4.0
Синтетический,Участник08,male,1901-01-04,10 km,SYN-10-008,18+ Male,finished,4020000.0,3920000.0,8.0,4.0,4.0,8.0,4.0,4.0
Синтетический,Участник09,female,,10 km,SYN-10-009,18+ Female,finished,4080000.0,3980000.0,9.0,5.0,5.0,9.0,5.0,5.0
Синтетический,Участник10,male,1901-01-05,10 km,SYN-10-010,18+ Male,finished,4140000.0,4040000.0,10.0,5.0,5.0,10.0,5.0,5.0
Синтетический,Участник11,female,,10 km,SYN-10-011,18+ Female,finished,4200000.0,4100000.0,11.0,6.0,6.0,11.0,6.0,6.0
Синтетический,Участник12,male,1901-01-06,10 km,SYN-10-012,18+ Male,finished,4260000.0,4160000.0,12.0,6.0,6.0,12.0,6.0,6.0
Синтетический,Участник13,female,,10 km,SYN-10-013,18+ Female,finished,4320000.0,4220000.0,13.0,7.0,7.0,13.0,7.0,7.0
Синтетический,Участник14,male,1901-01-07,10 km,SYN-10-014,18+ Male,finished,4380000.0,4280000.0,14.0,7.0,7.0,14.0,7.0,7.0
Синтетический,Участник15,female,,10 km,SYN-10-015,18+ Female,finished,4440000.0,4340000.0,15.0,8.0,8.0,15.0,8.0,8.0
Синтетический,Участник16,male,1901-01-08,10 km,SYN-10-016,18+ Male,finished,4500000.0,4400000.0,16.0,8.0,8.0,16.0,8.0,8.0
Синтетический,Участник17,female,,10 km,SYN-10-017,18+ Female,finished,4560000.0,4460000.0,17.0,9.0,9.0,17.0,9.0,9.0
Синтетический,Участник18,male,1901-01-09,10 km,SYN-10-018,,finished,4620000.0,4520000.0,18.0,9.0,,18.0,9.0,
Синтетический,Участник19,female,,10 km,SYN-10-019,18+ Female,finished,4680000.0,4580000.0,19.0,10.0,10.0,19.0,10.0,10.0
Синтетический,Карантин,female,,10 km,SYN-10-Q,18+ Female,quarantine,4740000.0,4640000.0,,,,,,
Синтетический,НаТрассе,male,1901-01-10,10 km,SYN-10-R,18+ Male,running,,,,,,,,
Синтетический,НеСтартовал,female,,10 km,SYN-10-NS,18+ Female,notstarted,,,,,,,,
Синтетический,БезЧипа,male,1901-01-11,10 km,SYN-10-NC,18+ Male,finished,4800000.0,,20.0,10.0,10.0,,,
Синтетический,Марафон01,female,,42.2 km,SYN-42-001,18+ Female,finished,12600000.0,12480000.0,1.0,1.0,1.0,1.0,1.0,1.0
Синтетический,Марафон02,male,1901-01-12,42.2 km,SYN-42-002,18+ Male,finished,12720000.0,12600000.0,2.0,1.0,1.0,2.0,1.0,1.0
Синтетический,Марафон03,female,1901-01-13,42.2 km,SYN-42-003,18+ Female,finished,12840000.0,12720000.0,3.0,2.0,2.0,3.0,2.0,2.0
Синтетический,Марафон04,male,,42.2 km,SYN-42-004,18+ Male,finished,12960000.0,12840000.0,4.0,2.0,2.0,4.0,2.0,2.0
Синтетический,Марафон05,female,,42.2 km,SYN-42-005,18+ Female,finished,13080000.0,12960000.0,5.0,3.0,3.0,5.0,3.0,3.0
Синтетический,Марафон06,male,1901-01-14,42.2 km,SYN-42-006,18+ Male,finished,13200000.0,13080000.0,6.0,3.0,3.0,6.0,3.0,3.0
Синтетический,Марафон07,female,,42.2 km,SYN-42-007,18+ Female,finished,13320000.0,13200000.0,7.0,4.0,4.0,7.0,4.0,4.0
Синтетический,Марафон08,male,1901-01-15,42.2 km,SYN-42-008,18+ Male,finished,13440000.0,13320000.0,8.0,4.0,4.0,8.0,4.0,4.0
